{
	"blend": {
		"type": "add"
	},
	"conditions": {
		"weather": [
			"clear"
		],
		"worlds": [
			"minecraft:overworld"
		]
	},
	"decorations": {
		"showMoon": true,
		"showStars": false,
		"showSun": true
	},
	"properties": {
		"fade": {
			"endFadeIn": 13000,
			"endFadeOut": 23500,
			"startFadeIn": 11667,
			"startFadeOut": 22500
		},
		"rotation": {
			"axis": [
				0.0,
				0.0,
				-0.0
			],
			"rotationSpeed": 1.0,
			"static": [
				0.0,
				0.0,
				0.0
			]
		},
		"shouldRotate": true
	},
	"schemaVersion": 2,
	"textures": {
		"bottom": "fabricskyboxes:sky/night_sky_bottom.png",
		"east": "fabricskyboxes:sky/night_sky_east.png",
		"north": "fabricskyboxes:sky/night_sky_north.png",
		"south": "fabricskyboxes:sky/night_sky_south.png",
		"top": "fabricskyboxes:sky/night_sky_top.png",
		"west": "fabricskyboxes:sky/night_sky_west.png"
	},
	"type": "square-textured"
}
