{
	"blend": {
		"type": "add"
	},
	"conditions": {
		"weather": [
			"rain",
			"thunder",
			"thunder"
		],
		"worlds": [
			"minecraft:overworld"
		]
	},
	"decorations": {
		"showMoon": true,
		"showStars": false,
		"showSun": true
	},
	"properties": {
		"fade": {
			"alwaysOn": true,
			"endFadeIn": 0,
			"endFadeOut": 0,
			"startFadeIn": 0,
			"startFadeOut": 0
		},
		"rotation": {
			"axis": [
				-0.0,
				-18.0,
				0.0
			],
			"rotationSpeed": -1.0,
			"static": [
				0.0,
				0.0,
				0.0
			]
		},
		"shouldRotate": false
	},
	"schemaVersion": 2,
	"textures": {
		"bottom": "fabricskyboxes:sky/rain_bottom.png",
		"east": "fabricskyboxes:sky/rain_east.png",
		"north": "fabricskyboxes:sky/rain_north.png",
		"south": "fabricskyboxes:sky/rain_south.png",
		"top": "fabricskyboxes:sky/rain_top.png",
		"west": "fabricskyboxes:sky/rain_west.png"
	},
	"type": "square-textured"
}
